,Review_Date,Author,Rating,Review_Title,Review,Review_Url
0,19 July 2023,Orlando_Gardner,9," Murphy is exceptional
","You'll have to have your wits about you and your brain fully switched on watching Oppenheimer as it could easily get away from a nonattentive viewer. This is intelligent filmmaking which shows it's audience great respect. It fires dialogue packed with information at a relentless pace and jumps to very different times in Oppenheimer's life continuously through it's 3 hour runtime. There are visual clues to guide the viewer through these times but again you'll have to get to grips with these quite quickly. This relentlessness helps to express the urgency with which the US attacked it's chase for the atomic bomb before Germany could do the same. An absolute career best performance from (the consistenly brilliant) Cillian Murphy anchors the film. This is a nailed on Oscar performance. In fact the whole cast are fantastic (apart maybe for the sometimes overwrought Emily Blunt performance). RDJ is also particularly brilliant in a return to proper acting after his decade or so of calling it in. The screenplay is dense and layered (I'd say it was a thick as a Bible), cinematography is quite stark and spare for the most part but imbued with rich, lucious colour in moments (especially scenes with Florence Pugh), the score is beautiful at times but mostly anxious and oppressive, adding to the relentless pacing. The 3 hour runtime flies by. All in all I found it an intense, taxing but highly rewarding watch. This is film making at it finest. A really great watch.",/review/rw9199470/?ref_=tt_urv
1,20 July 2023,Jeremy_Urquhart,8," A challenging watch to be sure, but a worthwhile one.
","One of the most anticipated films of the year for many people, myself included, Oppenheimer largely delivers. Much of it's great. I feel like I loved two of its three hours, and liked the other hour.... but it's that fact that stops me from adoring the entire thing. I know with Christopher Nolan's Dunkirk, that clicked on a second watch, so maybe Oppenheimer will need one too. That being said, I don't feel the need to rush out and see it again too soon, because it was a long and exhausting film.",/review/rw9202448/?ref_=tt_urv
2,20 July 2023,MrDHWong,10," A brilliantly layered examination of a man throughout all of his incredible accomplishments and fundamental flaws
","""Oppenheimer"" is a biographical thriller film written and directed by Christopher Nolan (""The Dark Knight trilogy"", ""Inception"", ""Interstellar"", ""Dunkirk""), based on the biography ""American Prometheus"" by Kai Bird and Martin J. Sherwin. Starring Cillian Murphy in the lead role, in addition to Matt Damon, Robert Downey Jr, Emily Blunt, and Florence Pugh, it subverts the usual biopic formula to create a brilliantly layered examination of a man throughout all of his incredible accomplishments and fundamental flaws.",/review/rw9202246/?ref_=tt_urv
3,20 July 2023,and_mikkelsen,10," Nolan delivers a powerfull biopic that shows the dark side of human nature!
","This movie is just... wow! I don't think I have ever felt like this watching a movie! Its like a blend of being sad but also scared! I read that Christopher Nolan said it kind of had themes of horror, and watching the movie i think I knew what he meant! Very few movies can make you feel quite like this one can!",/review/rw9202357/?ref_=tt_urv
4,26 July 2023,Geekofriendly,8," Nolan touches greatness, falls just slightly short
","I was familiar with the Manhattan project and the social and political aftermath, so ""Oppenheimer"" was an excursion into known territory.",/review/rw9216587/?ref_=tt_urv
5,19 July 2023,mohameddawoud-26019,10," A Masterpiece
",I may consider myself lucky to be alive to watch Christopher Nolan Works which get better by years.,/review/rw9200792/?ref_=tt_urv
6,19 July 2023,mark-217-307033,10," And the Oscar goes to...
","I'm still collecting my thoughts after experiencing this film, Cillian Murphy might as well start clearing a space on his mantle for the Best Actor Oscar.",/review/rw9199448/?ref_=tt_urv
7,19 July 2023,Dvir971,10," Another Cinematic Masterpiece by Christopher Nolan
","Oppenheimer might be the best film I watched in a long, long time.",/review/rw9200581/?ref_=tt_urv
8,20 July 2023,zeki-4,8," This movie is the bomb!
","Master craftsman, Christopher Nolan - probably the best blockbuster director out there (along with Ridley Scott) - returns to good old fashioned no-CGI drama, where tension comes from words spoken, and how people react to them. There are no chases, no shoot-outs , death defying stunts or explosions.... wait, actually there is one explosion. I don't know how they made those scenes without CGI, but it's technical achievement for sure.",/review/rw9202525/?ref_=tt_urv
9,25 July 2023,EShy,6," This just might be as interesting as this topic can get
",I'm a big Nolan fan. Maybe this one just wasn't for me.,/review/rw9213385/?ref_=tt_urv
10,20 July 2023,Zay-Fee,9," Exceptional storytelling and Genius Cinametography
","Just came out of the theater and watching Oppenheimer was such a great experience. I know many people will criticize the movie for some historical accuracy absence but I think Christopher Nolan has made this complicated man's story compelling, engaging, and simple to understand. The actors are phenomenal. Apart from the main leads, Robert Downey has probably done one of his finest work. His expressions, timing, delivery... Everything was on par. The cinematography has been crafted beautifully. I adored and enjoyed the whole three hours with ease and delight. This is the first attempt of Christopher Nolan at biographies and I think we should expect more of his work from this genre since it's not only entertaining but also sparks an interest to know history more. I have read the book earlier so I went to watch it with a little bit of knowledge and still enjoyed the film. I wish I could tell Cillian Murphy in person how stunning his screen presence has been throughout. Hopefully, this movie wins the awards like it deserves.",/review/rw9202236/?ref_=tt_urv
11,23 July 2023,timmyhollywood,6," Breaks all filmmaklng rules, but not in a good way
","Okay, Nolan fans, get your fingers poised to downvote what I'm about to say. That's the only way I can understand the high rating for this film - thousands of devoted Nolan fans inflating the score. Because if you're honest, there's no way this mottled mess of a movie is an 8.9. Not in any sane universe.",/review/rw9209516/?ref_=tt_urv
12,21 July 2023,FeastMode,5," An unpopular opinion from a die-hard Nolan fan
","Christopher Nolan is my favorite director of all time. He has four of my top six movies, eight of my top twenty. It's absurd how much joy he's given me. I consider him, to the full extent of the word, a genius.",/review/rw9203697/?ref_=tt_urv
13,21 July 2023,pdean-49132,8," Is it just me ?
","Is it just me or did anyone else find this movie... I hate to say it... boring?. I know I know it's a piece of history and don't get me wrong it was a good movie but idk, going in the theater expecting something ""Nolanesque"" and it never came so I was kind of a disappointed. I was super excited going in the theater and leaving I was like ,yeah it was good buuuuttt. I guess I was expecting something like inception and or interstellar but those are fictional and I get that this is based off of a true story . I think everyone should watch this movie once and it was very eye opening but I won't ever endure the painful 3 hour movie experience again . It's a one and done movie and I do respect Oppenheimer. Extremely good acting with a boatload of good actors . I also do want to say that there was nothing very IMAX about the movie so you could go to a regular theater and be just fine . Also Emily Blunts ending scene was amazing . All in all I would go as far as to say it's the most boring Christopher Nolan movie but it is a very good movie let's leave it at that . I still give the movie an 8.",/review/rw9205442/?ref_=tt_urv
14,22 July 2023,leestoych,8," Technically superb but...
","At its core Oppenheimer is a technical masterpiece. The haunting score by Ludwig G√∂ransson is one of the film's most profound highlights. The score acts as its own character in how it builds and arcs throughout the film and peaks during arguably the best moment, the bomb drop. Paired with an aggressive and bold sound design that transports you into the screen, both sound aspects make this film truly remarkable.",/review/rw9205774/?ref_=tt_urv
15,6 August 2023,Sleepin_Dragon,9," The cinematic event of 2023.
","Anything that Nolan is involved in, I will go and see, the track record is enough to get me through the doors and on that seat.",/review/rw9242571/?ref_=tt_urv
16,19 July 2023,adrianbabech,10," FUTURE CLASSIC and EXTREMELY IMPORTANT MOVIE FOR THE PRESENT DAY
","Authentic audio-visual journey to the era of the birth of atomic genesis, which both terrifies and astonishes you with its nonlinear storytelling thanks to Christopher Nolan's masterful approach to direction and screenplay! The pacing of the movie is simply brilliant especially in the moments where the main theme by Ludwig G√∂ransson kicks in! It's a future classic that will not leave you indifferent and will immerse you in the Homeric biography of the notorious scientist J. Robert Oppenheimer! Definitely a 10/10 for the artistic contribution to the history and art of audio-visual media depicting an extraordinarily important event for humanity and the present day!",/review/rw9201055/?ref_=tt_urv
17,21 July 2023,slightlymad22,8," Murphy is Amazing, But Downey Jr Steals The Show
",I just got out of Oppenheimer,/review/rw9204588/?ref_=tt_urv
18,28 July 2023,TheBigSick,," Overlong and Overcomplicated
",0 out of 10 stars,/review/rw9219646/?ref_=tt_urv
19,20 July 2023,tm-sheehan,10," Stunning - put it in a time capsule
","My Review - Oppenheimer
My Rating Ten plus 10/10
In Cinemas now",/review/rw9201932/?ref_=tt_urv
20,21 July 2023,Bonobo13579,7," Quality but exhausting
",I'm a big fan of Nolan's work so was really looking forward to this. I understood there would be some flipping in timelines and I'd need to concentrate. I didn't find this to be a problem at all and the storytelling was beautifully done. The acting was universally excellent. I saw a review saying Emily Blunt was rather OTT but I didn't find that at all.,/review/rw9205066/?ref_=tt_urv
21,20 July 2023,s-s-jewbali,10," WATCH IT IN IMAX!!!
",This movie is a cinematic masterpiece!,/review/rw9201549/?ref_=tt_urv
22,22 July 2023,JustStone,7," I Wish I Could Say I Had A Blast
","I think I will be in the minority here when I say, I think Christopher Nolan missed the mark with this film. Let's first talk about what worked: ""Oppenheimer"" is no doubt a treat for the ears and eyes. I watched it in IMAX 70mm, the crispness of detail in the 70mm film stock was superb, and the 5.1 DTS-HD master audio surround sound was impactful, sometimes even shaking the seats. The acting was outstanding and there are some really memorable moments and tense scenes between actors. I also don't think I need to say anything further about Nolan as a filmmaker; he's like Martin Scorsese in the way you know exactly what you're going to get from a Nolan film, in terms of style and tone.",/review/rw9205912/?ref_=tt_urv
23,4 August 2023,shanayneigh,4," Pearls before swine
","First of all, I love Christoper Nolan's work. He's the only director whose films I always see in a cinema. But it's clear that he's is now so powerful that no one has the guts to tell him no. He's almost the Stephen King of film making these days, with the end results too often overly long and meandering. Perhaps my Nolan cinema-first policy will end after Oppenheimer.",/review/rw9238031/?ref_=tt_urv
24,25 July 2023,dweston-38669,," Oppen-bore-mer
","Cillian Murphy is exceptional in the lead role (Oscar worthy,I'll say) and he's ably supported by a terrific ensemble cast- great to see James Remar again.",/review/rw9214820/?ref_=tt_urv
25,24 July 2023,davidpayne-18586,8," Good movie, but don't let Nolan fans fool you.
","It's isn't a masterpiece. It's a decent biopic about an interesting person, has some good performances, and it's probably about 30 minutes too long.",/review/rw9211602/?ref_=tt_urv
26,31 July 2023,Pjtaylor-96-138044,8," Fission. Fusion. Oscars.
","Everybody involved with the production of 'Oppenheimer (2023)' is working at the highest conceivable level, practicing their craft so adeptly that it's hard to express just how impressive their efforts truly are. There isn't a weak link in the entire chain; everything is at the highest standard imaginable. The writing, the directing, the editing, the score, the cinematography, the sound design, the special effects, the costuming, the set design, the casting, and the acting - oh, the acting - is all impeccable. This film is exactly what it was always intended to be. If it doesn't clean up at the Oscars, I'll eat my shoe* or, more realistically, I'll be very surprised.",/review/rw9229986/?ref_=tt_urv
27,19 July 2023,bissatadam,10," Simply amazing
","This movie is very interesting and very thrilling. Since this movie had no action and was mostly just a documentary and was 3 hours long, I though that it was going to be boring. But, the 3 hours went by very fast and had me at the edge of my seat the whole time. This movie is like no other movie I had ever seen it is very unique and mind blowing. The cinematography is beautiful and the aesthetic of the movie is also beautiful. Anyone who is interested in the history of war and bombs would love this movie but I think anyone would enjoy this movie. Oppenheimer is one of the best movies I have seen this decade.",/review/rw9199916/?ref_=tt_urv
28,16 August 2023,TheOny13,9," No CGI here, just good writing and very good acting
","Oppenheimer was the most anticipated movie of the year for me. I wanted to see a thought provoking and visually stunning biography about a very controversial man, whose history I didn't actually knew before watching the movie but knew about as ""the father of the atomic bomb"". And well, I mostly got what I wanted, except the only problem is that I would have wanted that the journey getting there would have been more smooth and sharply written. I will start with the negative parts and finish with the positive since that mirrors somewhat how the movie flows.",/review/rw9263081/?ref_=tt_urv
29,20 July 2023,vishwatej286,10," A sheer Brilliance of Christopher Nolan
",Dr. J Robert Oppenheimer the creator of Atomic Bomb and his role in Manhattan Project in R&D for Nuclear weapon. The movie is the Biography of Dr. Oppenheimer.,/review/rw9202348/?ref_=tt_urv
30,19 July 2023,jjqqhnqhg,10," Cinematic masterpiece
","Nolan is back and delivers a fast paced thrilling biopic that will leave you stunned.the cinematography, sound design, score all exceptional. Every acting performance is perfect with Cillian Murphy and Robert Downey JR standing out. Nolan is experimenting with new styles of surrealist and subjective filmmaking to him which is so incredible to see from such a seasoned writer and director. He's pushing the envelope with Oppenheimer and challenging the audience like never before.",/review/rw9200271/?ref_=tt_urv
31,22 July 2023,GoatOfNeptune,6," Half an Hour too long, misses the point
","Nolan is good at constructing complicated timing events. But he is not good at telling a biopic. The first half of the movie needs too long to built up, introduces too many charcters the are not important to the story ( heisenberg, Jean Tatlock). So he could have cut half an hour easily to speed things up.",/review/rw9208021/?ref_=tt_urv
32,20 July 2023,kennedykevinr,10," His eyes look full of fear, regrets and guilt!
","Imagine a fire that you brought from the heaven and you give that fire to human , and that fire is used by humans to burn this world.",/review/rw9201850/?ref_=tt_urv
33,22 July 2023,stefannovak,6," Quite boring
","There are a few other reviews here echoing the same sentiments. I asked the people sitting next to me what they thought and they were disappointed. I can't help feel the same. I have a strong background in nuclear physics. It was intriguing, but it was cut so jarringly that it was hard to keep up what was going on.",/review/rw9207148/?ref_=tt_urv
34,4 August 2023,JordanSatmary,4," no amount of dramatic music or quick cuts could convince me I was being entertained
","God what an absolute mess. To all the people saying ""you need to pay attention and have your brain fully switched on""... that doesn't make this ""intelligent film"". It makes it an overcomplicated nightmare. Nolan's movies have gone so far downhill since Dunkirk. The mess of 3 timelines is not needed for the entirety of every film. It works well for the majority of inception, the climax of the dark knight, parts of interstellar- but this? Not at all.",/review/rw9237291/?ref_=tt_urv
35,28 July 2023,WhiteRabbitDave,," Overall a disappointing experience.
","Although the time passed quickly, ultimately, Oppenheimer has left me disappointed. The problem with this film is that it can't decide which story it tries to tell - building the bomb or the inquiry of the national security committee. Both of those stories are depicted well, Nolan uses nice narrative devices to locate the characters in their currently depicted temporal location, etc. However, the cheap moral that the film concludes with has been beaten to death and because of that it undermines everything the script tried to achieve. The film didn't leave me speechless and a rather poorly executed sequence of the denotation doesn't really justify the historic development of a black and white IMAX film stock.",/review/rw9221158/?ref_=tt_urv
36,22 July 2023,ferguson-6,9," superior filmmaking and historical storytelling
","Greetings again from the darkness. As pupils slouched in our school desks during history class, we easily and naturally disassociated with the many stories of war. World War II was lumped in with WWI, the Civil War, and The Revolutionary War. There were names and dates to memorize for quizzes and final exams, yet even with relatives recounting stories of kin, a personal connection was rare. As we aged and experienced modern-day warfare, the personal connection became all too real. Reality struck that soldiers are human beings with families, and despite their missions and marching orders, most are as innocent as the 'tragic civilian casualties' reported on the newswires. Along these lines, an aspect of war that has often remained overlooked is the behind-closed-doors decision-making of politicians and military leaders. Filmmaker-extraordinaire Christopher Nolan takes us behind those doors through the eyes of J Robert Oppenheimer, the Father of the Atomic Bomb. What we see is quite frightening.",/review/rw9207372/?ref_=tt_urv
37,19 July 2023,shivamkanodia-94992,9," Nolan at his best!
","As VFX and special effects take over the traditional filmmaking methods, Nolan is among the remaining few directors who still builds grandiose true-to-life sets and reflects cinematic setpieces by filming them instead of digitising them. Oppenheimer is thus a culmination of Nolan's cinematic genius combined with an incredible story that changed the world in more ways than one. It's incredibly intimate and divisive, with the onus of it's justification being put on the audience instead of the narrator.",/review/rw9199902/?ref_=tt_urv
38,22 July 2023,h-i-hussain7,8," Mini serie would have been a better way to go
","First off, the dialogues are actually audible, quite clear, happy that they mended this in comparison to Nolan's last outing Tenet.",/review/rw9205677/?ref_=tt_urv
39,21 July 2023,waltermwilliams,10," What Walt's Watching
","""Oppenheimer"" or ""How the Father of the Atomic Bomb learned to start worrying and Hate the Bomb""",/review/rw9203463/?ref_=tt_urv
40,21 July 2023,EdwardtheBlackPrince,8," Do the means justify the end?
","Oppenheimer has always been regarded by History as an interesting figure for the advancement of scientific discovery. While also being a rather controversial figure for his choices and mankind. Nolans Oppenheimer takes the audience on that dramatic epic of ethical proportions, in many ways, it is conflicting yet still fantasizing in every way Throughout the movie, you see the psyche and internal conflict, personal Matters left facing. The themes of the era with the red scare with McCarthyism, the paranoia and the shadow hanging over following Oppenheimer throughout. What the influence of such a weapon carries? The pressure put on a man. If the possibility of the enemy having such a thing, is it better to act before they do? Are the ones who claim to fight for you the ones to trust themselves? This is a movie about Mankind, not just the bomb being built, or the overall progress much of the war. Much like say The Imitation Game focusing on the war being fought behind the battle line. This is a very heavy dialogue-driven focus on the aspects of science and politics, and the psychological of Oppenheimer, but all of this things investing as you jump around these different time frames. Primary because of the great reforming given by like Cillian Murphy, Matt Damon, and Robert Downey who gives probably the second-best performance in this ensemble cast. With most of his films, the cinematography is done amazingly as well as the visuals that emphasize of fission and chain reactions of the panning landshot the use of and the lack of color, and of course the big payoff of the bomb and the impact of all, and the Explosions Performances that on the big screen can't be compared to watching it at home.",/review/rw9203717/?ref_=tt_urv
41,28 July 2023,classicsoncall,10," ""But I can run the Manhattan Project.""
","Filmmaker Paul Schreder has called ""Oppenheimer"" the ""best, most important film of this century"". Hyperbole aside, we're only twenty-two plus years into the century, and not many of us will be around to confirm his hypothesis. So best? Well, that's very subjective. Important though, he might be onto something. Important in the way the latter part of the picture emphasizes Robert J. Oppenheimer's (Cillian Murphy) personal angst in leading a team that developed the capability of destroying the entire world and all of mankind. That could have occurred on July 16, 1945 with the testing of the first atomic bomb at Los Alamos, even Oppenheimer wasn't fully convinced of Edward Teller's (Benny Safdie) 'near zero' proclamation that all would be well.",/review/rw9220766/?ref_=tt_urv
42,21 July 2023,lone_samurai678,7," Mixed feelings
","The story is presented really well and through the eyes of Oppenheimer. 90% of the movie feels like a flashback scene which though looks really cool, doesn't actually feel like something I would watch again. As in classic Nolan style 3 timelines are running simultaneously - before the atom bomb dropped, after and the present. I feel like this could have been handled better especially in the second half of the movie. The two main events in the movies the bomb explosion and the last act felt underwhelming. Actually the bomb explosion scene for which everyone was waiting so intently for was underwhelming beyond belief - Nolan should have used CGI 100%, it looked like an explosion from the 90s. There were so many characters and sub-stories that it felt like someone compressed an entire tv series into a 3 hour long movie.",/review/rw9204351/?ref_=tt_urv
43,2 August 2023,sonshineboy,8," A Very Nolan Film
","I can't help but wonder what this movie would've looked like if it had been directed by a different filmmaker, and I believe that it probably would've been better. Like most Nolan films this lacks emotion. Oppenheimer was a stoic man for sure but he had moments of catharsis throughout his life. Having read the book this film is based on (American Prometheus) I noticed that many of the relationships that affected his (Oppie's) life and career, and his hypnotic charisma were sadly missing in this film. The whole idea of the book, more over the whole point of Oppie's infamous testimony, was to explain the actions by shedding light on the man. I'm disappointed to say that this is no tale of the man, rather a tale of the Los Alamos project and a couple of testimonies. The film may have been packed with beautiful imagery, riveting score and decent performances, but it's painfully obvious that it lacks heart.",/review/rw9233822/?ref_=tt_urv
44,25 July 2023,JPARM-IMDb,7," Unfortunately it didn't live up to the hype
","I have to admit: Oppenheimer didn't live up to the hype for me. This is not a bad film per se and while it depicts a frightening turning point in history, its style didn't suit me.",/review/rw9215059/?ref_=tt_urv
45,22 July 2023,aharmas,4," Disappointing
","It saddens me that so many people are mistaking bigger and louder with quality. First of all, a loud soundtrack. No matter how good it might be doesn't equate to quality. In this film, it is overwhelming not complementing the film.",/review/rw9206224/?ref_=tt_urv
46,21 July 2023,JohnDeSando,," Best movie of the year and one of the great war movies of all time.
","""They won't fear it until they understand it. And they won't understand it until they've used it. Theory will take you only so far."" J. Robert Oppenheimer (Cillian Murphy)",/review/rw9204333/?ref_=tt_urv
47,26 July 2023,Xstal,8," When Particle Worlds Collide...
","In a world that's problematic you're perplexing, spending your time with particles, that are complexing, pushing boundaries to their limits, the fission/fusion of new physics, with the clashes, conflicts, contests you elicit. As a consequence you setup two big bangs, when you execute through governmental plans, although this story does not dwell, on the hell that you propel, to the people who are wiped out in Japan. In the end we're left to ponder motivations, of those who seek to play, with torments and damnations, of those who hide inside the shadows, pulling strings in Emperor's clothes, as they plot to raze the cornerstone foundations.",/review/rw9216851/?ref_=tt_urv
48,19 July 2023,rashidammar-45501,10," The greatness of Nolan's work
","The cinematic genius Christopher Nolan is undoubtedly one of the finest stars in the film industry. With his unique talent and boundless creativity, he has crafted a new cinematic icon (Oppenheimer) that will undoubtedly be immortalized in the world of cinema. It will stand among the greatest works ever seen in the realm of cinema because Nolan only delivers iconic masterpieces.",/review/rw9200697/?ref_=tt_urv
49,21 July 2023,id247,10," Christopher Nolan's best film so far!
","Saw Oppenheimer today on an IMAX screen. I'm an emotional wreck but also buzzing with delight! Finally we get an intelligent, mature film for grown-ups, with scientific wonder, espionage intrigue & political drama all In one. Superb ensemble acting & production. Nolan's pinnacle.",/review/rw9205022/?ref_=tt_urv
50,26 July 2023,danielcereto,10," Not for most of Gen Z
","This movie is not for people who watch the phone every 5 minutes, can't concentrate more time than a TiK Tok video or not trained into watching magnificent details.",/review/rw9215722/?ref_=tt_urv
51,10 August 2023,tonypeacock-1,8," Misconceptions blown away. A film deserving of the long running time.
","I admit to having some misconceptions about viewing this film at the cinema, in IMAX because of its subject matter and running time.",/review/rw9250152/?ref_=tt_urv
52,19 July 2023,azwamuzakki,10," This is really a great movie by Christopher Nolan
",Speechless this movie had a very good sound design good visual that will blow your Mind and you will getting the best score in this movie and one thing you all saying this is boring? God help this movie had very good plot and story by freackin Christopher Nolan without even one Freackin CGI and yall still saying this is boring pillow and a blanket yall don't know the plot is and not focus to the story this is top 3 best Christopher Nolan MOVIE i have ever SEEEN and i think for 3 hours movie is too short for this movie i want 4 hoursss and anyway what a good plot twist in the end the acting is badaass good and the rdj deserves an Oscar for this film.,/review/rw9200185/?ref_=tt_urv
53,3 August 2023,HarCarmichael,7," Very Good; Technically Great, but Emotionally Lands Just Short of a Classic
","Acting was about as perfect as you can get from the leads, directing was at times brilliant and other times superfluous, editing was timejumpy but made it compelling, seeing Einy was magical, ending was solid, writing was dialogue driven, the best scene was addressing the audience after the event.",/review/rw9234675/?ref_=tt_urv
54,10 August 2023,cardsrock,9," A staggering achievement
","I'm a Nolan fanboy, but I'll be honest, I was not terribly excited for this film. An extremely long, talky drama about a historical event didn't seem up my alley, but man was I glued to the screen for the entire 3 hour experience. Nolan has mastered the skill of heavy dialogue with quick cuts to keep things moving and engaging. He lets the little moments breathe too, it's not all breakneck speed. This balance makes for a highly enjoyable viewing experience.",/review/rw9251094/?ref_=tt_urv
55,24 July 2023,amirnz,7," Good but ultimately disappointing
","A movie about life of Robert Oppenheimer, the focal scientist who helped bring to life the atomic bomb.",/review/rw9211692/?ref_=tt_urv
56,23 July 2023,apereztenessa-1,5," A cold, long history lesson
","Oppenheimer's marketing campaign hammered two messages into our heads. First, that we had to watch it in the biggest screen possible. And second, that audiences had come out of test projections deeply affected or in tears. Having watched the film, I can confidently say none of those promises are true.",/review/rw9209096/?ref_=tt_urv
57,27 July 2023,maison-van-cleers,," Severely overhyped
","I align with other reviewers here who have found this. Despite the hype surrounding it, Oppenheimer fell short of expectations. The film proved to be tedious and at many times draining to watch.",/review/rw9218393/?ref_=tt_urv
58,19 July 2023,show24studio,10," A brilliant masterpiece that cuts to the core of human fear
","Christopher Nolan just stamped his foot print into cinema history as an all time great. It is as if each film he's made has just been a building block leading him to conduct this masterpiece. Oppenheimer is Nolan's finest work. Murphy delivers a sublime performance, reaching a threshold very few actors ever will. Next year's Oscar statue can be put into escrow for Cillian. Nolans three hour plutonium dense genius-of-physics, magnum opus does for the atomic bomb what Spielberg did for sharks at the beach. It seems Christopher Nolan has turned in a tour de force that has vaporized the competition. In fact, Scorsese's 'flowers of the killer moon' may be the only threat of a rival for best picture. However, that may be the toughest act to follow since Einstein's theory of relativity.",/review/rw9200172/?ref_=tt_urv
59,22 July 2023,TBJCSKCNRRQTreviews,10," They won't fear it until they understand it. And they won't understand it until they've used it. Theory will take you only so far.
","This intercuts the development of the atomic bomb(which is where the simmering tension arises from, not the Nolan staple of ill intentioned guys with guns. It is absolutely true that this is mostly made up of guys talking without anything dramatic happening at the same time, no heists, interrogations, death-defying behavior, and it is gripping from start to finish), the hearing to determine if Oppenheimer would keep his security clearance(which smoothly enables this to work in any incident that was deemed vital to the story of him), and the hearing to determine if Lewis Strauss joins the government(which does a solid job of contrasting the two men and their values).",/review/rw9206493/?ref_=tt_urv
60,19 July 2023,tmamad,10," Mr. Nolan is an amazing legend
","Nolan's best film will be in the biographical style. I hope he can do something like Nolan's Inception that will be remembered decades from now, because he himself said that great physicists were used for this film to work with precision and seriousness.",/review/rw9200158/?ref_=tt_urv
61,29 July 2023,outrunkid,10," An astonishing accomplichment
",This was one of my most anticipated films of the last few years and unbelievably it did not disappoint in any way.,/review/rw9223737/?ref_=tt_urv
62,27 July 2023,adriano-40012,10," A Film for the big screen
","From the top tier cast to the cinematography this movie is a masterpiece. The source of historical events of Los Alamos, project Manhattan is recreated in fantastic detail. What I like the most is the fact it's no CGI. Absolute Boss production here with the IMAX camera x special effects. You don't wanna miss out on that movie. Color range with black & white expresses the objective perception and colorful the subjective perspective from Oppenheimer. I'm convinced that I probably missed even more hidden details.",/review/rw9218927/?ref_=tt_urv
63,31 July 2023,drawlife,8," A challenging viewing experience, but powered by the performances.
","One of the most anticipated films of this year and who better to deliver the film none other than Christopher Nolan. Nolan makes the audience think, and I think for me at least it will click better with a second viewing much like DUNKIRK or TENENT. Nevertheless the shoulders of this film is carried by Cillian Murphy who finally gets to showcase his talents as a lead. He's always been a treat to watch on screen and I'm very happy for him. He deserves all the praise.",/review/rw9229939/?ref_=tt_urv
64,21 July 2023,schlomo-jones,6," ""Property is Theft""... Are you kidding me?
","I was excited to see this film, but ended up feeling really disappointed. The overall structure is a convoluted mess. Nolan jumps around in the timeline with his narrative style, which was suited for Interstellar or Inception, but just makes a mess of story in a biopic about the father of the atomic bomb.",/review/rw9204185/?ref_=tt_urv
65,20 July 2023,Harri_,10," ""I am become death, destroyer of worlds.""
",Waited three hours for an explosion and it was probably the most disappointing part of the film.,/review/rw9202287/?ref_=tt_urv
66,22 July 2023,matt-27634,6," Strong middle, first and third acts are a bore
","Oppenheimer tells the story of Robert Oppenheimer (played by Cillian Murphy), creator of the Atomic bomb and the role he played in WWII. Whilst I wasn't familiar with his backstory, I had to jump on the bandwagon and see what all the fuss was about.",/review/rw9206986/?ref_=tt_urv
67,22 July 2023,imseeg,5," Thrill seekers beware, this one is a boring dud. Only suited for arthouse movie fans with a LOT of patience.
",I expected a thrilling story about building THE bomb. Almost NONE of that. What the what?,/review/rw9207636/?ref_=tt_urv
68,22 July 2023,swapnadipchandra,," Either I don't understand art or I have grown old!
","Patience growing thin! Dunkirk-Ok, Tenet-Really, Oppie-Oh Come on!.",/review/rw9207704/?ref_=tt_urv
69,21 July 2023,rgkarim,9," A Long Slog Through History, But Blows Up The Quality Of the Genre
",LIKES:,/review/rw9204522/?ref_=tt_urv
70,29 July 2023,christopher-cole83,9," People Who Change The World Like Oppenheimer Can't Not Be Complicated
","History is hardly ever as straightforward and simple as we something believe it to be. The same goes for people like J. Robert Oppenheimer. In learning about World War II and the development of the atomic bomb, the thing I remembered the most was that he was a brilliant man who was suspected of being a communist, thereby tarnishing his legacy. That however seems to be somewhat of the straightforward simple history we tend to like.",/review/rw9222501/?ref_=tt_urv
71,23 July 2023,boblipton,10," I'll Bet That's Jack Quaid As Richard Feynman Playing The Bongo Drum
","I am a fan of Christopher Nolan's work, and this one lived up to his best standards. Covering almost forty years, from Oppenheimer as a student in England and Germany, to the unsatisfying honors of his later years, Nolan, cast and crew, have labored to create a portrait of a man , full of flaws, but smarter than I can imagine, and placed him among other men of similar brilliance in a way that illuminates them all. And like watching Penn & Teller do the cup-and-ball trick, I see exactly what he does and still can't catch him doing it, any more than I recognized Robert Downey Jr. As Lewis Strauss, who turns into the villain of the piece.",/review/rw9210210/?ref_=tt_urv
72,20 July 2023,faeez_rizwan,10," A Magnificent Magnum Opus
","This three-plus hour biography of J. Robert Oppenheimer (Cillian Murphy) is a film about faces. They talk, a lot. They listen. They react to good and bad news. And sometimes they get lost in their own heads - none more so than the title character, the supervisor of the nuclear weapons team at Los Alamos whose apocalyptic contribution to science earned him the nickname; The American Prometheus.",/review/rw9201980/?ref_=tt_urv
73,19 July 2023,hcoe-95812,10," Film of the decade
","Christopher Nolan, once again, uses astonishing film techniques to embark the audience on an other worldly adventure. He brings to light the historical significance of the Manhattan project and Los Alamos through the scientific and political background of such a unique town portrayed with perfection by such actors as Cillian Murphy and Matt Damon. By using Los Alamos and New Mexico as a film location for the film, Nolan is able to portray what life would have been for Oppenheimer and other scientists with their families around the time of the Trinity test.",/review/rw9200288/?ref_=tt_urv
74,21 July 2023,851222,9," Great, epic and unique biopic but not for everyone
",Greetings from Lithuania.,/review/rw9205528/?ref_=tt_urv
75,23 July 2023,siddharth-61578,6," Movie which was not required
","The movie is well directed but somehow the topic seems completely irrelevant. Robert Oppenheimer no doubt did a miracle (biggest curse on mankind, actually) by inventing atomic bomb but do we really require movie on legal events unfolding after the bombing event. Don't think these legal tangles and all are so important in course of history that movie is made out of it. The movies is unnecessarily 3 hours long and sometimes it feels that there is no point in knowing so insignificant events which happened post bombing event. Rather more focus on bomb invention and events leading bomb invention would have been an interesting event.",/review/rw9209007/?ref_=tt_urv
76,27 July 2023,srgymrat33,10," One of the great pieces of cinema of our time
",I went in with very high expectations and somehow left being more blown away than I thought possible .,/review/rw9219184/?ref_=tt_urv
77,22 July 2023,ahamedfahimq,6," Unnecessarily lengthy
","With great expectations, I went to watch this film, and returned home totally disappointed. Very much shallow plotted with so many people to remember. I don't prefer watching this at theater. Many of us intended to leave in the middle while the movie was running. To me, it is a overhyped movie. However cinematography and casting were good. I expected better from Mr. Nolan. This movie could have ended within 1 hour and 20 minutes. At this point of time, movies should have had some points which will hook the audience. But I did not find anything like that in this movie. I should have watched Barbie instead. Nevertheless, best of luck.",/review/rw9206876/?ref_=tt_urv
78,22 July 2023,DoNotComeToTheCinemaDepressed,5," ü§¶üèª Convoluted, Over Scored, Too Long (To it's Detriment) and Didn't Live Up to The Hype ü§¶üèª
","It Just Didn't Live up to the Hype, it's Not Good Enough.",/review/rw9205892/?ref_=tt_urv
79,19 July 2023,ishraqrasif,10," Nolan has truly outdone himself
","Christopher Nolan has truly outdone himself with this gripping biographical drama. Cillian Murphy's portrayal of J. Robert Oppenheimer was nothing short of extraordinary; he brought an incredible depth and complexity to the character, making the genius physicist feel hauntingly real.",/review/rw9201088/?ref_=tt_urv
80,29 July 2023,cinemapersonified,10," Cinema Personified: Incredible Movie
","Rating: 9.6
Overall, a modern masterpiece that transcends the biopic as Nolan delivers a masterclass in direction, writing, and acting (with Cillian Murphy delivering a career-defining performance) as the movie is breathtaking from top to bottom with how it uses many different elements to help share its true message about the horrors of one's creation (and the implication it may have on the future).",/review/rw9224755/?ref_=tt_urv
81,6 August 2023,synystargates,9," Now I am become death, the destroyer of worlds.
",Theory. Plutonium. Fire. Noise. Death. Morality. Compartmentalization. Oppenheimer.,/review/rw9242860/?ref_=tt_urv
82,11 August 2023,bmiller59,10," Despite all the hype it was THAT incredible
","If you read this or any reviews before seeing (which you shouldn't do) Oppenheimer, rush out and see it. I didn't expect it to be as good as it was. I knew enough about The Manhattan Project and Oppenheimer to prepare me for it. No surprises.",/review/rw9251525/?ref_=tt_urv
83,30 July 2023,don2507,10," Absorbing, Extremely Well-Acted, and a Fascinating Subject
","It's gratifying to know that in a supposedly ""dumbed down"" America, a three-hour docudrama about a theoretical physicist and his atomic ""project,"" along with a closed-door security clearance hearing and an open Senate confirmation hearing, both full of dialogue and minimal ""action,"" is generating a huge, but deservedly so, box office. I found this film mesmerizing as the three hours seem to fly by for me. It has a very intelligent script, some masterful acting, and a focus on a fascinating, if enigmatic, character, i.e., Oppenheimer. The ""father"" of the atomic bomb was, indeed, a genius and generous-minded (on occasion), but also exhibited character flaws, and for such an adept administrator was also politically na√Øve.",/review/rw9228464/?ref_=tt_urv
84,19 July 2023,aissammadmoun,10," Nolan's best so far?
","This movie is an experience. The direction, cinematography and music will take you away. The performances from all the main actors are Oscar worthy. This movie will defy your expectations. Cillian Murphy is definitely Oscar's number 1 contender.",/review/rw9200638/?ref_=tt_urv
85,26 July 2023,alexglimbergwindh,6," Nolan fails
","Nolan fails at a very basic but important technique in film. ""SHOW, don't tell"".",/review/rw9217266/?ref_=tt_urv
86,6 August 2023,anibalcnso,10," Nolan did it again
","This film is a damn masterpiece. There are not enough words to propperly describe it and, at the same time, few sentences can truly explain how good this film is. And i can't say its flawless, but its ""flaws"" are so escarce and so minimum that the don't really matter.",/review/rw9243578/?ref_=tt_urv
87,26 July 2023,JamesAlvarez520,6," Just Being Honest Folks
","The IMDb community will tar and feather me for giving it anything less 9 stars, but I have to be honest here. I thought it was good, not great. It was certainly not my favorite Nolan film.",/review/rw9217009/?ref_=tt_urv
88,30 July 2023,rune-andresen,3," Boring and without science
",First of all- they left out the science and the interesting problem solving when inventing the a-bomb.,/review/rw9228294/?ref_=tt_urv
89,23 July 2023,richard-1787,10," Astounding - and not for any special effects
","This is one of the most intriguing and astounding movies I have had the pleasure of seeing in my over 60 years of movie going. Yes, there are some impressive special effects, but they are truly the least impressive things here.",/review/rw9208306/?ref_=tt_urv
90,21 July 2023,soham-21358,8," Captivating Drama with strong performances
","The captivating drama was carried away by supremely talented actors, with Cilian Murphy skillfully portraying the complex character of J. Robert Oppenheimer. After a long hiatus, RDJ (Acting POV) finally gets the recognition he deserves. The background music (BGM) is extraordinary, and the cinematography is exhilarating. Although I haven't read Kai Bird's ""American Prometheus: The Triumph and Tragedy of J. Robert Oppenheimer"" yet, I have watched NBC's latest documentary titled ""To End All War: Oppenheimer & The Atomic Bomb,"" which is more convenient to grasp as a whole. However, Nolan's portrayal of Oppenheimer was superior from an subjective point of view.",/review/rw9204175/?ref_=tt_urv
91,21 July 2023,Anurag-Shetty,10," An awe-inspiring theatrical experience!
","Oppenheimer is a biopic of American scientist J. Robert Oppenheimer(Cillian Murphy). Dr. Oppenheimer faces all kinds of hurdles, both internal & external, during his crucial role in developing the atomic bomb, during World War II.",/review/rw9204271/?ref_=tt_urv
92,27 July 2023,HorrorAndGore,10," The greatest movie I'll never watch again
","It's not often I say that. Joker, American History X, and now Oppenheimer are 3 phenomenal movies that I'll never watch again.",/review/rw9219141/?ref_=tt_urv
93,28 July 2023,UniqueParticle,10," Masterful IMAX experience!
","Even with 3 hours sleep and a stomach ache for most of the day I didn't yawn once I was absolutely captivated/enthralled more than I thought I would be. This better be up for at least 10 nominations! It's very impressive how Christopher Nolan wrote and directed such an in depth crafty art political brilliance filled ironic to my sleep amount of this long winded extravaganza that is well acted throughout. I have autism I crave quantum mechanics, I even understood the numerous studies science related. One of the best Christoper Nolan films of his career, my last name is Nolan too I wish I was related to him! The sound design throughout is exceptional I'm sure that'll even win an award. I'm glad despite feeling rough today I got to see Oppenheimer with my mom and sister Emily.",/review/rw9219698/?ref_=tt_urv
94,10 August 2023,grantss,8," Powerful docudrama
","A dramatization of the life story of J. Robert Oppenheimer, the physicist who had a large hand in the development of the atomic bomb, thus helping end World War 2. We see his life from university days all the way to post-WW2, where his fame saw him embroiled in political machinations.",/review/rw9250140/?ref_=tt_urv
95,22 July 2023,JayShermanLovitz,6," Non-stop background music ruins it
",I'll start off by saying it is technically a good movie. The acting is good and the storytelling is good if a bit too quickly paced. It basically starts off at full speed and doesn't slow down. There wasn't really any suspension building in any scene except the bomb test. My biggest complaint is the intense background music that never stopped for more than a minute or two and it gets old pretty quick. In fact I contemplated leaving the theater because the constant dramatic music was driving me nuts. It's incessant and takes away from the film. This movie would have been a lot better if it had 50-75% less unnecessary background music.,/review/rw9205862/?ref_=tt_urv
96,23 July 2023,kevin_robbins,10," An absolute must see
","Oppenheimer (2023) is a movie that my wife and I saw in theaters tonight. The storyline follows a Princeton professor who is teaching a theory on a radical new science during World War II. The Germans and Japan are winning the war, and the arms race to build the next great bomb could tip the outcome. The scientist is asked to help the United States military create a bomb that could end the war. He will need to deal with the ethical aspects before, during and after the creation of the ask, as well as manage his personal life and political pressures.",/review/rw9208679/?ref_=tt_urv
97,21 July 2023,BirdzOfParadise,6," Disappointing Nolan
","Having seen every single one of Nolan's films and considering him the G. O. A. T. I've been waiting for this movie for over a year. Sadly, I was left incredibly underwhelmed. It started slow and boring and stayed here pretty much the whole movie. There was nothing compelling that happened at all. I know it's as a biopic, but this is Nolan...and where some criticize Tenet for doing too much, he did far too little here. I did not feel emotionally connected to any of the characters, they did not develop the conflict he was alleged to have felt, it was so difficult to understand the actors at times due to low speaking, poor accents and ridiculously loud bursts of music and sound, and it was about 45-60 minutes too long with dialogue in many places that not progress the storyline in any substantive way nor was it interesting. The only thing that kept me awake as long as I did was that the movie jumps around between around 3-4 different time periods while telling Oppenheimer's story. But you could spend 30 min on Google and get the same information you get from this movie or watch any of then various documentaries out there and get more excitement.",/review/rw9204321/?ref_=tt_urv
98,26 July 2023,HypnoticPoison7,4," Just not good.
","I'm a huge Nolan fan since his first film. My favorite is still Memento, which is thorough and slow and very dialogue heavy as well as philosophical. I have a friend who works in Los Alamos as a chemical engineer and have visited the area as well as heard plenty about Oppenheimer and the way he changed the world. The importance of scientists and especially theoretical physicists is not lost on me. Between all that and my love for Cillian Murphy and Emily Blunt, I'd been looking forward to this movie for a long time.",/review/rw9215771/?ref_=tt_urv
99,21 July 2023,julioramosest,10," It's clever but it also has a heart
","Nolan strangely moves from petentious films, bad ones right away after you take the glitter away, to straight ahead masterworks of movie making. He seams to go 1 good 1 bad each time. Now it was time for a good one after the pretentious, sloppy Tenet. And boy did he deliver. This is a wonderful, challenging, unapologetic, very brave in some political way piece of movie making. Well acted all along, well written, large in scope but fully accomplishing. But it's what lies underneath what I love the most. I'm totally in love with the political subplots: younger generations need to be reminded not only about the dangers of the bomb, but for the equally killing Macarthysms. Call it how you want it, the blind, stupid far righters are a danger to the world.",/review/rw9204168/?ref_=tt_urv
100,29 July 2023,NS-movie-reviews,10," Cinema
",Christopher Nolan is a savant of filmmaking. Cillian Murphy SHINES in this movie. They are one absolutely amazing duo. Not to mention a strong supporting cast around them and.,/review/rw9225161/?ref_=tt_urv
101,19 July 2023,gdabungke,10," Story and the artist is so perfect
","I want to thanks to Chritoper Nolan that make this film be perfect. I have just knew that Robert Oppenheim is a man which make the atom bomb. This story in this film also make me speechless because I was influenced not to leave a single sentence on the screen. The bomb explosion is also very realistic, maybe that's what differentiates Nolan compared to other directors who prefer to use CGI. This film also tells about complex matters regarding life decisions taken by Oppenheimer, I like Oppenheimer's life principles without mentioning other stories. Thanks to C. Nolan for this very beautiful film.",/review/rw9200837/?ref_=tt_urv
102,6 August 2023,maestroaz,8," IMAX is unnecessary
",I enjoyed this film very much. The actors were very well chosen. The three hours passed quite quickly which is a sign to me that a movie is successfully engaging.,/review/rw9241237/?ref_=tt_urv
103,21 July 2023,grandempire1738,10," The single greatest accomplishment of Hollywood in the last 5 years
","It is fitting that a film about a person as consequential as Oppenheimer ended up being crafted by one of the most visionary directors of our time. Oppenheimer is a victory for filmmaking, a tour de force of incredible visuals, breathtaking cinematography and a sweeping scope that makes this narrative so illuminating. Every single aspect of this film blends into a seamless, awe inspiring experience where despite its gargantuan runtime, we are transfixed to a portrait of a man who's legend will forever be written in history. Brought alive by a phenomenon Cillian Murphy, Oppenheimer is the single greatest argument that movies and the theatrical experience still can mean something. If you watch this, definitely watch in 70mm IMAX - it's so worth it.",/review/rw9203912/?ref_=tt_urv
104,27 July 2023,bankofmarquis,9," Gonna win a ton of awards next spring
","Clear your shelves, Christopher Nolan and many of those involved in the making of his new movie OPPENHEIMER, you're going to need the space for the many, many trophies you are going to receive next spring.",/review/rw9219089/?ref_=tt_urv
105,23 July 2023,IamROCKAS,6," It's okay but I'll be the bad guy that will reject this as a masterpiece most people claim it to be
","Like many this weekend, I spend it in a pact theatre watching one of the most hyped-up movies this summer. Unfortunately for me, not only was the theatre packed but the air-conditioning was out of order too, so it got warm and humid in there quick. If it weren't for this, I could tell whether some of the people in the audience left the movie because they weren't interested (in particular - there were a pair of girls next to me whom kept checking their phones - I counted six instances before they left around the time Jean Tatlock died. I didn't check the time so I can't tell how far into the movie that was) or due to the heat in the theater.",/review/rw9210020/?ref_=tt_urv
106,27 July 2023,chris_rowe-881-168820,10," Pretty much perfect
","This isn't my type of film, I normally get bored or find the slow pace just loses my interest, my dad wanted to see this so I thought I'd go and give it a chance.",/review/rw9218170/?ref_=tt_urv
107,3 August 2023,andy_c_les,6," Too loud and too long
","The film looks great is brilliantly acted but there's virtually no actual plot, it's constantly jump back and forward and evey couple of minutes there's unfeasibly loud music trying to build up the tension. This is more a jazzed up documentary than a film and at a painful three hours long it does not hold your attention the entre way. It could easily be forty minutes to an hour less in playtime.",/review/rw9235272/?ref_=tt_urv
108,25 July 2023,tyler200,5," Too long and too little to draw interest.
","An interesting man to create a movie about and Cillian Murphy did great job portraying him, but obviously the main appeal of the story is how he created the atomic bomb. Did they show what went into that project? Sure, but it wasn't the main focus. The majority of the movie was much more about Oppenheimer's personal life, including his political views and relationship issues. I also didn't care for the way it kept jumping around in time, sort of like the recent Elvis movie. This creates a sense that you're watching a trailer for a movie, instead of a movie itself. If it was half as long and was more about the bomb, I would have rated it much higher.",/review/rw9214879/?ref_=tt_urv
109,19 July 2023,headbangin_mammoth,10," Movie of the Year (?)
","A very neat biopic for a life story as complex as Robert Oppenheimer's. With his original back and forth filmmaking style, though I still like Interstellar better, I think this is Christopher Nolan's best work to date.",/review/rw9200333/?ref_=tt_urv
110,29 July 2023,Tovi_Se7en,10," Cillian should at least get nominated
",I can't express enough how absolutely phenomenal this movie is. It will stand the test of time and will possibly go down in history as one of the greatest films ever made.,/review/rw9225154/?ref_=tt_urv
111,26 July 2023,galajokic,," I give it a 0
",Disgrace. I feel sorry for the paper that carried these pointless rows of dialogue and the hard drives packed with nonsensical scenes.,/review/rw9216034/?ref_=tt_urv
112,2 August 2023,peridesai,10," Excellence surpassed
","10 stars are not enough. This film is written stupendously well, the script is so intricate and complex it befits the mind of an uber genius like Oppenheimer explored by the genius of Nolan.",/review/rw9233965/?ref_=tt_urv
113,22 July 2023,masonsaul,10," Epic, mature spectacle
","Oppenheimer tracks one of the most important and terrifying events in the history of the world in epic fashion, creating a mature spectacle on a scale that's unheard of and feels like the culmination of all of Christopher Nolan's preoccupations whilst still breaking new ground. It's a sobering look at our impending doom.",/review/rw9207824/?ref_=tt_urv
114,23 July 2023,laceup-96849,10," People who call it boring should have watched something else
","What an amazing movie, the visuals, sound, music, acting, directing, everything was 10/10, dont watch the film without knowing some history, its very philosophical type of movie, it makes you question about your actions, reflect on life, consequences, every minute of 3hr was amazing there was no boring scene, very good pacing, I understand its not meant for all audiences, yeah some scenes maybe could have been avoided but regardless the purpose of the movie was executed, definitely the type of movie that will be remembered for a long time. We can already expect it to leas best picture, actor, supporting actor, actress, sound, score, director, adapted screenplay and many more,",/review/rw9210488/?ref_=tt_urv
115,29 July 2023,prberg2,10," Wow! What a powerful and engagaing movie!
","Wow! This movie just knocked me out! So many parts of the movie were just excellent. I think I need a little time to fully process everything.. but I left the theater just in awe of the movie. Acting, script, cinematography, directing, score, sound, and visuals... were all just amazing.",/review/rw9223172/?ref_=tt_urv
116,24 July 2023,FixedYourEnding,7," Mixed bag, and yes, I was bored
","Was looking forward to seeing this movie on the big screen. Big fan of Nolan's previous movies and I usually like political and historical drama. On one side giving this movie anything less than '7' is hard, due to spectacular technical creation and a wonderful story told, but also I would argue that this movie does not deliver enough for its 3 hours length, in terms of interest and emotional attachment for the audience.",/review/rw9212600/?ref_=tt_urv
117,20 July 2023,mattlx,8," A decent experience, still not perfect
","The film's abundance of characters, combined with its non-linear narrative approach, might leave you a bit puzzled during your first viewing.",/review/rw9201962/?ref_=tt_urv
118,13 August 2023,ryan-beauchesne,6," No doubt a well made story, but overall, was just boring
","Maybe my expectations were off slightly. This was a character study into Oppenheimer and the tribulations of his career, and about his politics rather than truly about the science and production of the A bomb. I was hoping to see more nitty gritty into the bomb's development, and maybe some footage of its use in Japan to really reinforce the human toll and destruction of the immensely powerful weapon that they had created for the final act. Instead its just dramatic closeups of Opp's troubled face. But I feel we needed some more visuals (of war) to establish more emotion. It felt exceedingly anticlimactic.",/review/rw9257390/?ref_=tt_urv
119,14 August 2023,jhalcollege,3," This movie feels like sitting in another comany's executive board meeting for 3 hours and listening to them blabble
","And the only entertaining part is two hours in when someone ""passes gas.""",/review/rw9258298/?ref_=tt_urv
120,17 August 2023,gortx,," Impressive bold Nolan production
","Like its subject, Christopher Nolan's OPPENHEIMER is bold, flawed and largely successful. An impressive production that - while wide in scale and covering a span of several decades, also manages to be an intimate biography of the man at its center - J. Robert Oppenheimer (Cillian Murphy). Nolan's screenplay (based on a book by Kai Bird and Martin Sherwin) is divided into three basic movements, although the story freely bounces back and forth in time. Nolan further bisects the film into subjective vs. Objective viewpoints (signaled by Color and B&W photography, respectively).",/review/rw9263900/?ref_=tt_urv
121,10 August 2023,joebnow,10," Brilliant filmmaking
","A totally mesmerizing film that has stayed with me long after I saw it. To begin, the performances down the line are superb. Murphy and Downey, Jr. Should be Oscar winners if there is any justice. But there's not a false note in the ensemble. Robert Oppenheimer is fascinating character. Hero or villain? The film gives us both perspectives and lets us decide for ourselves. The non linear storytelling works brilliantly because what could have seemed like two films works seamlessly as one. Three hours flies by. While I am not a Christopher Nolan fanatic, after seeing this, I have to admit the man is a genius. Cannot wait to see it again.",/review/rw9250624/?ref_=tt_urv
122,29 July 2023,redkyng,10," Peak Cinema!
","Oppenheimer isn't a biopic, it's a journey of questions through the eyes of one person, Nolan delivered an intellectual dilemma that leaves you thinking for a long time.",/review/rw9223810/?ref_=tt_urv
123,24 July 2023,SPZMaxinema,8," An important movie, I liked a lot in it.
","Will some think this is boring? For sure. Will some think it's too long? Undoubtedly. But overall I thought this was a very quality film like most of Christopher Nolan's movies, and while this one isn't my favorite it's still good for what it is. It's a JFK-like historical drama. The acting/cast were all incredible and so was the set design, and also the lack of CGI and special effects. The directing and camera work were awesome too. The middle part with them detonating the test bomb was a very well-constructed and tense scene. It was also intelligent in a way to only show the American perspective of the war and how out of touch/indifferent they were with the suffering that they inflicted on the Japanese civilian population, except of course for the main character. He was portrayed very well and this movie is coming out at a very critical time in history, reminding us of the destructive potential of escalating to nuclear war with other countries (no matter the side) and that our responsibility with handling weaponized nuclear technology is not to be taken lightly, and we must have a moral conscience. The movie also showed the quick/immediate development of a post-war McCarthyist government which was portrayed how it should have been. This is good and informative 20th century history!",/review/rw9211086/?ref_=tt_urv
124,20 July 2023,iamianiman,8," While it is not Christopher Nolan's magnum opus, this is still one of his best works in history.
","Verdict: Hauntingly beautiful, Oppenheimer feels like a ticking time bomb as it evokes a strong visceral and immersive experience. Almost everything is done right, Christopher Nolan makes sure this film blows us away with a rich story, stark character studies, strong dialogues, powerful music score, impeccable acting amongst many others. While it is not Christopher Nolan's magnum opus, this is still one of his best ouevre in history.",/review/rw9202311/?ref_=tt_urv
125,21 July 2023,magadalwarmayur,10," A jewel in Nolan's filmography.
",I had loved nolan since he did memento some of his films like interstellar and tenet were let down for me but this films brings him back in the game.,/review/rw9203521/?ref_=tt_urv
126,1 August 2023,Achyut_Prashast_Singh,10," If this isn't a masterpiece, I don't know what else is.
","Oppenheimer is a rare biopic which, in spite of being driven entirely by dialogue and character drama, never bored me at any point. I was so amazed by the film that even after many a times not understanding the scientific stuff and all, I was glued to the screen, understanding it through the characters and their actions alone. I loved every bit of it and was totally focused. Once it was over, I walked out with a sense of satisfaction.",/review/rw9231160/?ref_=tt_urv
127,21 July 2023,drparwar,7," Great Acting but, too long and complicated...
","Long story short, this could've been a way lot better if it was shorter, less complicated and with a bit less of new character introduction.",/review/rw9204938/?ref_=tt_urv
128,22 July 2023,MOscarbradley,10," Nolan's best film to date.
","Like Martin Scorsese and Alfred Hitchcock before him Christopher Nolan is one of the few directors who can guarantee a paying audience as surely as any of the big box-office draws in the acting profession. A film-maker of great skill he has nevertheless often eschewed 'seriousness' to work, if not necessarily in the 'popcorn' market, then certainly in the commercial field and that's where he has built up his following. But what will his followers think of ""Oppenheimer""? Will today's movie-going generation even know who J. Robert Oppenheimer was, (at the full-house screening I attended I saw two people leave), and can Nolan do justice to his subject?",/review/rw9206740/?ref_=tt_urv
129,31 July 2023,holarsch,6," Overhyped
","The world has been waiting for a first class drama to help bring em back to the movies after a shortage of really fine movies for a really long time. I went in hoping that this was gonna be the cinematic miracle that Hollywood has been holding it's breath for. It wasn't. It was a modestly adequate film that I could have skipped. With a running time of close to three hours, this ponderous film just felt repetitive and quite tedious throughout. There's an all star cast that would have been better served by appearing in a movie that had been written and edited with more selectivity. Had I seen it on TV and it had been a half hour shorter, perhaps I'd have thought more of it.",/review/rw9228550/?ref_=tt_urv
130,22 July 2023,tomzek,5," late 1 hour for cinema screening? You won't miss anything
","I studied Quantum Physics and I knew Oppenheimer biography before watching this movie so expectations were high. Unfortunately, full 3 hours do not make this much better than trailer - I learned nothing new. Outstanding acting from Cillian Murphy and RDJ, Emily was just blunt, so was Matt Damon's performance. Soundtrack is mediocre although delayed explosion sound made few people jump from their seats. Bomb making is virtually non-existent and there is a a lot of chat in the film, typical for a documentary. If you are late 1 hour for cinema screening, you won't miss anything it is that bad. I probably will never watch this again.",/review/rw9206774/?ref_=tt_urv
131,21 July 2023,drewcallen,10," Phenomenal
","This movie gets better the longer you think about it. Everything about the movie is so well done, especially Cillian Murphy's stunning portrayal of Oppenheimer as he realizes what he has done to humanity. The Trinity Test scene was perfectly well done, no horror movie has ever made my heart beat as much as that scene did. Seeing Strauss turn against Oppenheimer was super interesting (RDJ did amazing as him as well). The entire hearing act did a good job at showing how the different motives against Oppenheimer resulted in his downfall. The final scene of the movie is one of the most perfect scenes of any film i've ever seen. Strauss was trying to understand what Oppenheimer said to Einstein that day (assuming it was something to push Einstein against him), but it ended up being something so much more deep. The way the last scene was done was just so chilling and thought provoking, it will stick with you for days after watching it.",/review/rw9204747/?ref_=tt_urv
132,21 July 2023,namob-43673,8," Marvellous and will win all the Oscars, but a challenging watch
","As expected this is a fantastic movie. Oppenheimer contain some of the best acting ever seen and the directing is simply amazing. The music score is stunning, the story brilliantly told, and there are barely any flaws. This is intelligent filmmaking of the highest order and come Oscar season this will win all but a few of those statues.",/review/rw9204895/?ref_=tt_urv
133,29 July 2023,jack_o_hasanov_imdb,8," Now I Am Become Death, the Destroyer of Worlds
","This movie is one of the best movies of this year. I like C. Nolan. I also really liked this movie. The movie is told from Oppenheimer's point of view. I think it was fine. Some scientific topics were very difficult to understand for me. I think the bomb scene was good. I think the acting was very good. Cillian Murphy played the static, cold character very well. Robert Downey Jr. Played great too. I think tacting was generally so good. I think there were some boring scenes in the movie. There were scenes in the cinema where I started to sleep out of boredom. But overall, I think it deserves an ""8"" point. This movie is one of the best movies of this year. I like it. I also watched the other movie (pink movie) first. It was so good after that movie.",/review/rw9222921/?ref_=tt_urv
134,26 July 2023,Holt344,10," Christopher Nolan gives us a brilliant drama with Cillian Murphy giving us his best performance yet, one of the best films of the decade - My Ultimate Review
","My expectations are always high for a film made by Christopher Nolan who oversees the whole production whilst directing and writing it, he never lets me down and for this feature film, a biopic about the life of J. Robert Oppenheimer, a theoretical physicist who was pivotal in developing the first nuclear weapons as part of the Manhattan Project, and thereby ushering in the Atomic Age. What we get is a three hour biopic of Oppenheimer's life and in my opinion each minute and each scene is used to the fullest. My girlfriend thought it was too long though so I think it's a preference. You could say the black and white scenes which have a different perspective character entirely, to be unnecessary for the story told and that's fair, but in my opinion it's a perspective character which is needed. Stories can easily become biased but with a perspective character like Strauss makes us see how others see Robert Oppenheimer and it only helps the story Christopher Nolan is telling. Any fan of Christopher Nolan knows how he likes a non linear story, he does it here and It's done perfectly. Alternating between Oppenheimer's story from Cambridge to Los Alamos, his security hearing in 1954, and Strauss' confirmation hearing in 1959.",/review/rw9215422/?ref_=tt_urv
135,20 July 2023,sosrivi,9," Just got amazed
","Oppenheimer is not solely based on the Trinity. It's entirely political drama. Just a reminder to the audience of how obsessed humans are with power and fame. Music is the true hero of Oppenheimer's film. Every highest point throughout the film causes enormous tension. Everyone did an excellent job. The visual grandeur of Trinity underwhelmed me, but the music helped to compensate. Nolan has once again demonstrated his ability to present a political drama. Where all of the mental state were handled flawlessly. Overall, a remarkable image and historical significance that should never be forgotten. The film will leave you speechless.",/review/rw9202920/?ref_=tt_urv
136,19 July 2023,rayanenaffati,10," Now I am become Death, the Destroyer of Worlds.
","""Oppenheimer"" by Christopher Nolan is a film that delves deep into the consequences of the atomic bomb, focusing on Oppenheimer's perspective. This film requires a genuine passion for physics or history to fully appreciate its subtleties and biographical content.",/review/rw9200774/?ref_=tt_urv
137,27 July 2023,alanvarghesester,7," Not worth the extra money spent on IMAX
","For those of you expecting massive explosions and thundering sounds of the bombs dropped on the two cities will be sorely disappointed. Overall a great movie spending great amount of time and detail exploring the psyche behind the creator of the Atomic bomb. Science nerds will catch on to same major name drops besides Einstein and be responsible to explain to the normies what ""Nuclear Fission"" means.",/review/rw9219070/?ref_=tt_urv
138,21 July 2023,Filmwalla-45998,10," 'Classic Nolan Art'
","Nolan yet again proved that why he's one of the finest directors till date with 0 disappointing movies.. Oppenheimer is exceptional..! Brilliant at performance level..terrifying and horrifying tense music..highly convincing screenplay..terrific and beautiful visuals..dark and complex nature (not comparable toll to other Nolan classics)...
Literally Nolan itself - school of masterpiece arts ..
Oppenheimer is very great epic and non linear..It will sure shot very horrific movie not for every audience! If you are dying to watch pure drama portion oriented cinema, If you want to see some terrifying psychological brilliance and If you're fan of anyone who are involved in this film - Go For It!! Oppenheimer should remain forever until the drama school and making exist.",/review/rw9204665/?ref_=tt_urv
139,21 July 2023,andysaleen-05305,7," Sometimes a movie tries to mention everything and ends up saying nothing.
","Oppenheimer was just okay-good. It felt much too rushed at times, much too slow at others, but always forced.",/review/rw9203903/?ref_=tt_urv
140,22 July 2023,ssjsolidsnake,3," As a Nolan fan this was boring
","Boring movie, which is mostly political court room scenes.",/review/rw9205686/?ref_=tt_urv
141,24 July 2023,eddie_baggins,10," You've never seen a film like Oppenheimer
","It's taken me a few days to be able to sit down and write down my thoughts about Christoper Nolan's newest big screen epic, the other part of the now infamous ""Barbenheimer"" double bill that has been re-writing record books over there launch weekends, having had this time to ponder and contemplate I am confident in saying that I've never seen a film quite like this biopic and while it's a film with flaws and components that don't stick their respective landings, Nolan's film is nevertheless a powerful, poignant and technically marvellous piece of original film-making that further establishes the esteemed director as a generational talent whose skill set is unrivalled.",/review/rw9210969/?ref_=tt_urv
142,21 July 2023,talal-98358,10," Masterpiece
","Oppenheimer is an awe-inspiring masterpiece that captivates from start to finish. Christopher Nolan's visionary direction and Cillian Murphy's stunning portrayal of J. Robert Oppenheimer bring history to life with an intense and emotionally charged performance. The film's cinematography is breathtaking, seamlessly transporting the audience to the World War II era. The intricate storytelling delves into the complexities of Oppenheimer's life, showcasing his brilliance as a scientist and the moral dilemmas he faced during the creation of the atomic bomb. Thought-provoking and intellectually stimulating, Oppenheimer challenges viewers to reflect on the consequences of scientific discoveries. The supporting cast's performances are outstanding, adding depth and nuance to this profound narrative. In all aspects, Oppenheimer is a triumph that leaves a lasting impact, reminding us of the power of cinema to enlighten and inspire.",/review/rw9204885/?ref_=tt_urv
143,7 August 2023,saramilenkovic1994,10," Christopher Nolan made a masterpiece.
","Is this the best movie Christopher Nolan ever made? I think so. This movie was a masterpiece. There wasn't a single scene I wanted to skip. I was too captivated by every part of this film. Cillian gives a performance that not only should bring him to his first Academy nomination but IMO should win him the whole thing. So did Downey. This was also the best performance by Emily Blunt I think ever. Matt Damon was fantastic, and Florence was too. Loved the small roles of 3 Academy Award winners with Affleck being terrifying with just a little screen time, Oldman being unrecognizable and Malek stealing the last 20 minutes of the film. Hoyte van Hoytema once again made fantastic cinematography one of his best and Ludwig G√∂ransson ATE that score. I think it's one of the best scores in a film ever. Period! I have chills listening to those melodies even now. What a score.",/review/rw9244644/?ref_=tt_urv
144,9 August 2023,JackRJosie,8," Time Jumbly (7.8)
",Interestingly enough i didn't mind the length. I do enjoy sitting in a dark room staring at a massive imax screen for 3 hours more then i thought i would. Mostly because this movie is really quite beautiful.,/review/rw9249043/?ref_=tt_urv
145,30 July 2023,filmowl12,10," Boom.
","My goodness, what a disturbing film. I found the first hour to be very slow and a bit hard to follow. I definitely want to give it a second look so I can obtain a clearer understanding of all the different characters and moving parts. But once the intensity begins, it does not let up and it builds and builds and builds until the breathtaking conclusion.",/review/rw9225734/?ref_=tt_urv
146,7 August 2023,Reviews_of_the_Dead,9," Great Biopic About a Man Who Changed Everything
",This was a movie that I was intrigued when I heard it was coming out. I do enjoy Christopher Nolan's films. I'm a bigger fan of Cillian Murphy though. I knew that this was a speculate so I was trying to see how I could fit this into my schedule. The three-hour runtime was daunting as well. The Gateway Film Center has been showing this on 70mm so I wanted to see it that way. The stars aligned on a Sunday for me to catch this.,/review/rw9245331/?ref_=tt_urv
147,21 July 2023,redcanofevil,7," Politics Of The Bomb
","Might sound absolutely blasphemous but I think this is better watched at home. This is not against the quality of the filmmaking, which was understandably amazing but the tediousness of it being an unintentional Oscar bait. There are tooo many characters, most looking similar and too dialogue heavy to be watching in theatres. The soundmixing leaves a lot of the dialogue to the imagination as well. What I expected from it was not what I walked away with, this is not about the bomb rather than the political side of the bomb. So be prepared to sit through endless courtroom back-and-forth with characters introduced in almost every scene. If you are not already aware of exactly what happened to Oppenheimer esp his life after the bomb, you're gonna have a really hard time understanding whats going on. Thats where the paradox lies, can it be a masterfully crafted movie if you lose your audience before the credits? Because it absolutely is and most around me absolutely were. And then if you are already aware of everything that happened to Oppenheimer was it really necessary to play the plot twist game with a certain character throughout the entire movie? The whole movie was a bit of oxymoron, you get to see what you prolly didnt want to and didnt get to see what you most wanted to. I'm talking about the bomb obviously, I was heavily disappointed by the absence of it. The saving grace was the amazing acting performance by RDJ and Emily Blunt who both should be receiving Oscar nominations. Cillian Murphy did a great job as well but there were many scenes where I felt like I was watching Tommy Shelby instead of Robert Oppenheimer. The best part of watching Cillian Murphy as Oppenheimer was when he had no dialogues because his eyes do a better job at portraying what Nolan was going for. There is surprisingly little of the Nolan ""practical effect mindbending scene that needs to be seen in cinemas"". This was easier to follow and harder to watch than TENET.",/review/rw9204725/?ref_=tt_urv
148,19 July 2023,mythicaldarkz,10," Another masterpiece by Christopher nolan
",For me this movies is the best movie in this decade and one of the best nolan movie ever seen and one of the best movies of the all time actually this movis is top 5 movie I ever seen cillian is the best and deserve oscar and oppenhimer deserve oscar for best picture and cinematography and music and more,/review/rw9201082/?ref_=tt_urv
149,21 July 2023,ShaanChaudhry,7," Sound editing is the real hero of this film
",A solid film by Nolan but it is worth mentioning to some that if you're expecting action you will be tremendously disappointed. This is a biography of Oppenheimer that focuses on key moments of his life. What drove this movie for me was the top notch quality of acting and the sound/compositions which were instrumental in bringing out the drama within a lot of the dialogue and the acting chops throughout the movie. Please be warned that the overwhelming majority of this movie is dialogue.,/review/rw9203648/?ref_=tt_urv
